跟踪单号,运输状态,备注,运输商
01425061653720,,,DPD
01425061653712,,,DPD
01425061653718,,,DPD
01425061653748,,,DPD
01425061653746,,,DPD
01425061653719,,,DPD
01425061653713,,,DPD
01425061653714,,,DPD
01425061653715,,,DPD
01425061653716,,,DPD
01425061653717,,,DPD
01425061653721,,,DPD
01425061654719,,,DPD
01425061654722,,,DPD
01425061654725,,,DPD
01425061654737,,,DPD
01425061654738,,,DPD
01425061654739,,,DPD
01425061654740,,,DPD
01425061655450,,,DPD
01425061655483,,,DPD
01425061655523,,,DPD
01425061655524,,,DPD
01425061655526,,,DPD
01425061655527,,,DPD
01425061655553,,,DPD
01425061655554,,,DPD
01425061655563,,,DPD
01425061655562,,,DPD
01425061655561,,,DPD
01425061655560,,,DPD
01425061655522,,,DPD
01425061655520,,,DPD
01425061655482,,,DPD
01425061655481,,,DPD
01425061655480,,,DPD
01425061655479,,,DPD
01425061655478,,,DPD
01425061655467,,,DPD
01425061655502,,,DPD
01425061655503,,,DPD
01425061655504,,,DPD
01425061655506,,,DPD
01425061655559,,,DPD
01425061655558,,,DPD
01425061655556,,,DPD
01425061655540,,,DPD
01425061655541,,,DPD
01425061655549,,,DPD
01425061655548,,,DPD
01425061655547,,,DPD
01425061655546,,,DPD
01425061655545,,,DPD
01425061655544,,,DPD
01425061655543,,,DPD
01425061655542,,,DPD
01425061655517,,,DPD
01425061655521,,,DPD
01425061655555,,,DPD
01425061655552,,,DPD
01425061655551,,,DPD
01425061655550,,,DPD
01425061655539,,,DPD
01425061655538,,,DPD
01425061655537,,,DPD
01425061655525,,,DPD
01425061655512,,,DPD
01425061655533,,,DPD
01425061655529,,,DPD
01425061655484,,,DPD
01425061655531,,,DPD
01425061655514,,,DPD
01425061655515,,,DPD
01425061655516,,,DPD
01425061655518,,,DPD
01425061655519,,,DPD
01425061655510,,,DPD
01425061655505,,,DPD
01425061655501,,,DPD
01425061655497,,,DPD
01425061655493,,,DPD
01425061655513,,,DPD
01425061655511,,,DPD
01425061655532,,,DPD
01425061655534,,,DPD
01425061655535,,,DPD
01425061655536,,,DPD
01425061655564,,,DPD
01425061655565,,,DPD
01425061655486,,,DPD
01425061655566,,,DPD
01425061655530,,,DPD
01425061655528,,,DPD
01425061655489,,,DPD
01425061655509,,,DPD
01425061655508,,,DPD
01425061655475,,,DPD
01425061655474,,,DPD
01425061655473,,,DPD
01425061655472,,,DPD
01425061655471,,,DPD
01425061655470,,,DPD
01425061655469,,,DPD
01425061655468,,,DPD
01425061655476,,,DPD
01425061655477,,,DPD
01425061655500,,,DPD
01425061655499,,,DPD
01425061655507,,,DPD
01425061655487,,,DPD
01425061655488,,,DPD
01425061655490,,,DPD
01425061655491,,,DPD
01425061655492,,,DPD
01425061655494,,,DPD
01425061655495,,,DPD
01425061655496,,,DPD
01425061655498,,,DPD
01425061655485,,,DPD
01425061655653,,,DPD
01425061655652,,,DPD
01425061655637,,,DPD
01425061655625,,,DPD
01425061655623,,,DPD
01425061655622,,,DPD
01425061655621,,,DPD
01425061655620,,,DPD
01425061655618,,,DPD
01425061655617,,,DPD
01425061655656,,,DPD
01425061655657,,,DPD
01425061655658,,,DPD
01425061655641,,,DPD
01425061655640,,,DPD
01425061655639,,,DPD
01425061655638,,,DPD
01425061655649,,,DPD
01425061655650,,,DPD
01425061655651,,,DPD
01425061655663,,,DPD
01425061655662,,,DPD
01425061655661,,,DPD
01425061655660,,,DPD
01425061655659,,,DPD
01425061655616,,,DPD
01425061655614,,,DPD
01425061655613,,,DPD
01425061655666,,,DPD
01425061655669,,,DPD
01425061655673,,,DPD
01425061655691,,,DPD
01425061655693,,,DPD
01425061655694,,,DPD
01425061655695,,,DPD
01425061655696,,,DPD
01425061655697,,,DPD
01425061655712,,,DPD
01425061655713,,,DPD
01425061655714,,,DPD
01425061655730,,,DPD
01425061655731,,,DPD
01425061655732,,,DPD
01425061655612,,,DPD
01425061655610,,,DPD
01425061655608,,,DPD
01425061655607,,,DPD
01425061655626,,,DPD
01425061655627,,,DPD
01425061655629,,,DPD
01425061655636,,,DPD
01425061655635,,,DPD
01425061655632,,,DPD
01425061655677,,,DPD
01425061655681,,,DPD
01425061655686,,,DPD
01425061655811,,,DPD
01425061655838,,,DPD
01425061655834,,,DPD
01425061655830,,,DPD
01425061655826,,,DPD
01425061655790,,,DPD
01425061655787,,,DPD
01425061655782,,,DPD
01425061655752,,,DPD
01425061655751,,,DPD
01425061655750,,,DPD
01425061655749,,,DPD
01425061655748,,,DPD
01425061655842,,,DPD
01425061655843,,,DPD
01425061655844,,,DPD
01425061655806,,,DPD
01425061655801,,,DPD
01425061655798,,,DPD
01425061655794,,,DPD
01425061655815,,,DPD
01425061655818,,,DPD
01425061655822,,,DPD
01425061655849,,,DPD
01425061655848,,,DPD
01425061655847,,,DPD
01425061655846,,,DPD
01425061655845,,,DPD
01425061655747,,,DPD
01425061655746,,,DPD
01425061655745,,,DPD
01425061655759,,,DPD
01425061655758,,,DPD
01425061655757,,,DPD
01425061655756,,,DPD
01425061656358,,,DPD
01425061655664,,,DPD
01425061655648,,,DPD
01425061655647,,,DPD
01425061655646,,,DPD
01425061655645,,,DPD
01425061655644,,,DPD
01425061655643,,,DPD
01425061655760,,,DPD
01425061655761,,,DPD
01425061655762,,,DPD
01425061655744,,,DPD
01425061655743,,,DPD
01425061655742,,,DPD
01425061655741,,,DPD
01425061655753,,,DPD
01425061655754,,,DPD
01425061655755,,,DPD
01425061655777,,,DPD
01425061655773,,,DPD
01425061655768,,,DPD
01425061655764,,,DPD
01425061655763,,,DPD
01425061655642,,,DPD
01425061655665,,,DPD
01425061655685,,,DPD
01425061655702,,,DPD
01425061655703,,,DPD
01425061655704,,,DPD
01425061655705,,,DPD
01425061655706,,,DPD
01425061655707,,,DPD
01425061655708,,,DPD
01425061655709,,,DPD
01425061655710,,,DPD
01425061655711,,,DPD
01425061655701,,,DPD
01425061655700,,,DPD
01425061655733,,,DPD
01425061656007,,,DPD
01425061656027,,,DPD
01425061656049,,,DPD
01425061656050,,,DPD
01425061656052,,,DPD
01425061656105,,,DPD
01425061656089,,,DPD
01425061656090,,,DPD
01425061656093,,,DPD
01425061656094,,,DPD
01425061656095,,,DPD
01425061656096,,,DPD
01425061656097,,,DPD
01425061656098,,,DPD
01425061656028,,,DPD
01425061656029,,,DPD
01425061656031,,,DPD
01425061656048,,,DPD
01425061656046,,,DPD
01425061656045,,,DPD
01425061656044,,,DPD
01425061656041,,,DPD
01425061656040,,,DPD
01425061656037,,,DPD
01425061656036,,,DPD
01425061656032,,,DPD
01425061656099,,,DPD
01425061656100,,,DPD
01425061655689,,,DPD
01425061655688,,,DPD
01425061655668,,,DPD
01425061655670,,,DPD
01425061655671,,,DPD
01425061655672,,,DPD
01425061655674,,,DPD
01425061655675,,,DPD
01425061655676,,,DPD
01425061655678,,,DPD
01425061655679,,,DPD
01425061655680,,,DPD
01425061655682,,,DPD
01425061655683,,,DPD
01425061656086,,,DPD
01425061656085,,,DPD
01425061656084,,,DPD
01425061656101,,,DPD
01425061655667,,,DPD
01425061655690,,,DPD
01425061655692,,,DPD
01425061656102,,,DPD
01425061656103,,,DPD
01425061656104,,,DPD
01425061656025,,,DPD
01425061656106,,,DPD
01425061656079,,,DPD
01425061656080,,,DPD
01425061656081,,,DPD
01425061656082,,,DPD
01425061656083,,,DPD
01425061655684,,,DPD
01425061656005,,,DPD
01425061655734,,,DPD
01425061655722,,,DPD
01425061655723,,,DPD
01425061655724,,,DPD
01425061655725,,,DPD
01425061655726,,,DPD
01425061655606,,,DPD
01425061655630,,,DPD
01425061655631,,,DPD
01425061655633,,,DPD
01425061655609,,,DPD
01425061655634,,,DPD
01425061655611,,,DPD
01425061655615,,,DPD
01425061655619,,,DPD
01425061655721,,,DPD
01425061655720,,,DPD
01425061655719,,,DPD
01425061655735,,,DPD
01425061655736,,,DPD
01425061655737,,,DPD
01425061655738,,,DPD
01425061655739,,,DPD
01425061655740,,,DPD
01425061655729,,,DPD
01425061655728,,,DPD
01425061655727,,,DPD
01425061655715,,,DPD
01425061655716,,,DPD
01425061655717,,,DPD
01425061655718,,,DPD
01425061655624,,,DPD
01425061655628,,,DPD
01425061655772,,,DPD
01425061655982,,,DPD
01425061656017,,,DPD
01425061656018,,,DPD
01425061656021,,,DPD
01425061656022,,,DPD
01425061656024,,,DPD
01425061656087,,,DPD
01425061656013,,,DPD
01425061656011,,,DPD
01425061655997,,,DPD
01425061655999,,,DPD
01425061656000,,,DPD
01425061656002,,,DPD
01425061655981,,,DPD
01425061655980,,,DPD
01425061655978,,,DPD
01425061655774,,,DPD
01425061655775,,,DPD
01425061655776,,,DPD
01425061655778,,,DPD
01425061655779,,,DPD
01425061655780,,,DPD
01425061655781,,,DPD
01425061655783,,,DPD
01425061655970,,,DPD
01425061655971,,,DPD
01425061655973,,,DPD
01425061655974,,,DPD
01425061655975,,,DPD
01425061655977,,,DPD
01425061656003,,,DPD
01425061655879,,,DPD
01425061655853,,,DPD
01425061655852,,,DPD
01425061655851,,,DPD
01425061655873,,,DPD
01425061655874,,,DPD
01425061655882,,,DPD
01425061655881,,,DPD
01425061655880,,,DPD
01425061655875,,,DPD
01425061655948,,,DPD
01425061655886,,,DPD
01425061655885,,,DPD
01425061655884,,,DPD
01425061655871,,,DPD
01425061655870,,,DPD
01425061655869,,,DPD
01425061655868,,,DPD
01425061655866,,,DPD
01425061655887,,,DPD
01425061655888,,,DPD
01425061655890,,,DPD
01425061655968,,,DPD
01425061655972,,,DPD
01425061655976,,,DPD
01425061655979,,,DPD
01425061655983,,,DPD
01425061655987,,,DPD
01425061655893,,,DPD
01425061655891,,,DPD
01425061655865,,,DPD
01425061655864,,,DPD
01425061655862,,,DPD
01425061655861,,,DPD
01425061655860,,,DPD
01425061655858,,,DPD
01425061655857,,,DPD
01425061655856,,,DPD
01425061655817,,,DPD
01425061655945,,,DPD
01425061655944,,,DPD
01425061655943,,,DPD
01425061655942,,,DPD
01425061655841,,,DPD
01425061655840,,,DPD
01425061655839,,,DPD
01425061655816,,,DPD
01425061655941,,,DPD
01425061657549,,,DPD
01425061655947,,,DPD
01425061655990,,,DPD
01425061655835,,,DPD
01425061655836,,,DPD
01425061655814,,,DPD
01425061655813,,,DPD
01425061655791,,,DPD
01425061655837,,,DPD
01425061655995,,,DPD
01425061655993,,,DPD
01425061655992,,,DPD
01425061655940,,,DPD
01425061655939,,,DPD
01425061655921,,,DPD
01425061655920,,,DPD
01425061655918,,,DPD
01425061655917,,,DPD
01425061655916,,,DPD
01425061655914,,,DPD
01425061655912,,,DPD
01425061655910,,,DPD
01425061655909,,,DPD
01425061655922,,,DPD
01425061655923,,,DPD
01425061655925,,,DPD
01425061655938,,,DPD
01425061655937,,,DPD
01425061655936,,,DPD
01425061655935,,,DPD
01425061655934,,,DPD
01425061655933,,,DPD
01425061655932,,,DPD
01425061655928,,,DPD
01425061655946,,,DPD
01425061655905,,,DPD
01425061655819,,,DPD
01425061655771,,,DPD
01425061655996,,,DPD
01425061656088,,,DPD
01425061655833,,,DPD
01425061655832,,,DPD
01425061655831,,,DPD
01425061655808,,,DPD
01425061655807,,,DPD
01425061655789,,,DPD
01425061655788,,,DPD
01425061656014,,,DPD
01425061656015,,,DPD
01425061655986,,,DPD
01425061655770,,,DPD
01425061655769,,,DPD
01425061655767,,,DPD
01425061655766,,,DPD
01425061655784,,,DPD
01425061655785,,,DPD
01425061655786,,,DPD
01425061655984,,,DPD
01425061655985,,,DPD
01425061655765,,,DPD
01425061655805,,,DPD
01425061655810,,,DPD
01425061655812,,,DPD
01425061655829,,,DPD
01425061655828,,,DPD
01425061655827,,,DPD
01425061655825,,,DPD
01425061655824,,,DPD
01425061655823,,,DPD
01425061655821,,,DPD
01425061655809,,,DPD
01425061655792,,,DPD
01425061655793,,,DPD
01425061655804,,,DPD
01425061655803,,,DPD
01425061655802,,,DPD
01425061656379,,,DPD
01425061655800,,,DPD
01425061655799,,,DPD
01425061655797,,,DPD
01425061655796,,,DPD
01425061655795,,,DPD
01425061655820,,,DPD
01425061655904,,,DPD
01425061655867,,,DPD
01425061655863,,,DPD
01425061655892,,,DPD
01425061655896,,,DPD
01425061655899,,,DPD
01425061655902,,,DPD
01425061655906,,,DPD
01425061655850,,,DPD
01425061655907,,,DPD
01425061655913,,,DPD
01425061655915,,,DPD
01425061655919,,,DPD
01425061655924,,,DPD
01425061655900,,,DPD
01425061655898,,,DPD
01425061655877,,,DPD
01425061655859,,,DPD
01425061655872,,,DPD
01425061655889,,,DPD
01425061656016,,,DPD
01425061655960,,,DPD
01425061655961,,,DPD
01425061655962,,,DPD
01425061655963,,,DPD
01425061656034,,,DPD
01425061656035,,,DPD
01425061656039,,,DPD
01425061656063,,,DPD
01425061656064,,,DPD
01425061656065,,,DPD
01425061656066,,,DPD
01425061656067,,,DPD
01425061656068,,,DPD
01425061656069,,,DPD
01425061656070,,,DPD
01425061655959,,,DPD
01425061655958,,,DPD
01425061655957,,,DPD
01425061656020,,,DPD
01425061656023,,,DPD
01425061656026,,,DPD
01425061656030,,,DPD
01425061655967,,,DPD
01425061655966,,,DPD
01425061655965,,,DPD
01425061655926,,,DPD
01425061655949,,,DPD
01425061655950,,,DPD
01425061655951,,,DPD
01425061655952,,,DPD
01425061655953,,,DPD
01425061655954,,,DPD
01425061655955,,,DPD
01425061655956,,,DPD
01425061656071,,,DPD
01425061656072,,,DPD
01425061655930,,,DPD
01425061655931,,,DPD
01425061655927,,,DPD
01425061655929,,,DPD
01425061655897,,,DPD
01425061655894,,,DPD
01425061656059,,,DPD
01425061655969,,,DPD
01425061655988,,,DPD
01425061655989,,,DPD
01425061655878,,,DPD
01425061655883,,,DPD
01425061655876,,,DPD
01425061655855,,,DPD
01425061655901,,,DPD
01425061655903,,,DPD
01425061656058,,,DPD
01425061656057,,,DPD
01425061656477,,,DPD
01425061656481,,,DPD
01425061656073,,,DPD
01425061656074,,,DPD
01425061656075,,,DPD
01425061656076,,,DPD
01425061656077,,,DPD
01425061656078,,,DPD
01425061656062,,,DPD
01425061656060,,,DPD
01425061656043,,,DPD
01425061656047,,,DPD
01425061656051,,,DPD
01425061656183,,,DPD
01425061656184,,,DPD
01425061656185,,,DPD
01425061656176,,,DPD
01425061656177,,,DPD
01425061656178,,,DPD
01425061656179,,,DPD
01425061656180,,,DPD
01425061656181,,,DPD
01425061656378,,,DPD
01425061656186,,,DPD
01425061656187,,,DPD
01425061656188,,,DPD
01425061656182,,,DPD
01425061656189,,,DPD
01425061656168,,,DPD
01425061656169,,,DPD
01425061656170,,,DPD
01425061656171,,,DPD
01425061656172,,,DPD
01425061656173,,,DPD
01425061656174,,,DPD
01425061656175,,,DPD
01425061656192,,,DPD
01425061656193,,,DPD
01425061656194,,,DPD
01425061656195,,,DPD
01425061656196,,,DPD
01425061656191,,,DPD
01425061656190,,,DPD
01425061656197,,,DPD
01425061656263,,,DPD
01425061656266,,,DPD
01425061656267,,,DPD
01425061656268,,,DPD
01425061656269,,,DPD
01425061656270,,,DPD
01425061656246,,,DPD
01425061656247,,,DPD
01425061656248,,,DPD
01425061656249,,,DPD
01425061656250,,,DPD
01425061656251,,,DPD
01425061656252,,,DPD
01425061656253,,,DPD
01425061656254,,,DPD
01425061656255,,,DPD
01425061656245,,,DPD
01425061656244,,,DPD
01425061656271,,,DPD
01425061656272,,,DPD
01425061656273,,,DPD
01425061656274,,,DPD
01425061656257,,,DPD
01425061656256,,,DPD
01425061656239,,,DPD
01425061656240,,,DPD
01425061656241,,,DPD
01425061656275,,,DPD
01425061656262,,,DPD
01425061656210,,,DPD
01425061656234,,,DPD
01425061656237,,,DPD
01425061656238,,,DPD
01425061656233,,,DPD
01425061656232,,,DPD
01425061656231,,,DPD
01425061656212,,,DPD
01425061656213,,,DPD
01425061656214,,,DPD
01425061656216,,,DPD
01425061656230,,,DPD
01425061656226,,,DPD
01425061656235,,,DPD
01425061656236,,,DPD
01425061656277,,,DPD
01425061656278,,,DPD
01425061656276,,,DPD
01425061656198,,,DPD
01425061656211,,,DPD
01425061656215,,,DPD
01425061656219,,,DPD
01425061656221,,,DPD
01425061656217,,,DPD
01425061656218,,,DPD
01425061656222,,,DPD
01425061656223,,,DPD
01425061656224,,,DPD
01425061656225,,,DPD
01425061656227,,,DPD
01425061656228,,,DPD
01425061656229,,,DPD
01425061656258,,,DPD
01425061656259,,,DPD
01425061656260,,,DPD
01425061656220,,,DPD
01425061656209,,,DPD
01425061656199,,,DPD
01425061656200,,,DPD
01425061656201,,,DPD
01425061656202,,,DPD
01425061656483,,,DPD
01425061656203,,,DPD
01425061656204,,,DPD
01425061656205,,,DPD
01425061656206,,,DPD
01425061656207,,,DPD
01425061656482,,,DPD
01425061656208,,,DPD
01425061656261,,,DPD
01425061657224,,,DPD
01425061657228,,,DPD
01425061657229,,,DPD
01425061657230,,,DPD
01425061657231,,,DPD
01425061657232,,,DPD
01425061657233,,,DPD
01425061657225,,,DPD
01425061657226,,,DPD
01425061657227,,,DPD
01425061658508,,,DPD
01425061658505,,,DPD
01425061658506,,,DPD
01425061658507,,,DPD
01425061658502,,,DPD
01425061658503,,,DPD
01425061658504,,,DPD
01425061658501,,,DPD
01425061123403,,,DPD
01425061123404,,,DPD
01425061123405,,,DPD
01425061123406,,,DPD
01425061123407,,,DPD
01425061123408,,,DPD
01425061123409,,,DPD
01425061123410,,,DPD
01425061123411,,,DPD
01425061123412,,,DPD
01425061123413,,,DPD
01425061123414,,,DPD
01425061123415,,,DPD
01425061123416,,,DPD
01425061123417,,,DPD
01425061123418,,,DPD
01425061123419,,,DPD
01425061123420,,,DPD
01425061123421,,,DPD
01425061123422,,,DPD
01425061123423,,,DPD
01425061123424,,,DPD
01425061123425,,,DPD
01425061123426,,,DPD
01425061123427,,,DPD
01425061123428,,,DPD
01425061123429,,,DPD
01425061123430,,,DPD
01425061123431,,,DPD
01425061123432,,,DPD
01425061123433,,,DPD
01425061123434,,,DPD
01425061123435,,,DPD
01425061123436,,,DPD
01425061123437,,,DPD
01425061123438,,,DPD
01425061123439,,,DPD
01425061123440,,,DPD
01425061123441,,,DPD
01425061123442,,,DPD
01425061123443,,,DPD
01425061123444,,,DPD
01425061123445,,,DPD
01425061123446,,,DPD
01425061123447,,,DPD
01425061123448,,,DPD
01425061123449,,,DPD
01425061123450,,,DPD
01425061123451,,,DPD
01425061123452,,,DPD
01425061123453,,,DPD
01425061123454,,,DPD
01425061123455,,,DPD
01425061123456,,,DPD
01425061123457,,,DPD
01425061123458,,,DPD
01425061123459,,,DPD
01425061123460,,,DPD
00340434493851503637,,,DHL
00340434493851503644,,,DHL
00340434493851503651,,,DHL
00340434493851503668,,,DHL
00340434493851503675,,,DHL
00340434493851503682,,,DHL
00340434493851503699,,,DHL
00340434493851503705,,,DHL
00340434493851503774,,,DHL
00340434493851503767,,,DHL
01466810384494,,,DPD